POST_ID,ACCOUNT_ID,CONTENT_TYPE,POSTED_AT,IMPRESSIONS,REACH,REACH_FROM_FOLLOWERS_PCT,LIKES,COMMENTS,SAVES,PROFILE_VISITS,LINK_CLICKS,ESTIMATED_SALES_ATTRIBUTED,HAS_PAID_PROMOTION,OVERALL_STATUS,ATTRIBUTES,LAST_UPDATED
1000,1,Reel,2026-08-09 17:00:00,936,606,58.5,33,1,6,15,0,,FALSE,0,"[""uses_trending_audio""]",2026-08-12 20:00:00
1001,1,Reel,2026-07-18 06:00:00,785,666,71.9,31,2,16,8,1,,FALSE,0,"[""uses_trending_audio""]",2026-07-20 15:00:00
1002,1,Story,2026-08-11 23:00:00,1059,822,77.1,65,6,21,22,4,,FALSE,0,[],2026-08-13 11:00:00
1003,1,Story,2026-08-07 22:00:00,518,391,88.4,15,2,8,12,2,,FALSE,0,[],2026-08-09 06:00:00
1004,1,Carousel,2026-08-13 19:00:00,1136,787,63.8,38,7,5,27,5,,FALSE,0,[],2026-08-13 22:00:00
1005,1,Reel,2026-07-03 02:00:00,626,402,73.4,18,1,7,7,1,,FALSE,0,"[""uses_trending_audio""]",2026-07-06 07:00:00
1006,1,Carousel,2026-08-16 20:00:00,172,149,80.1,11,0,0,3,0,,FALSE,0,[],2026-08-17 06:00:00
1007,1,Story,2026-08-30 03:00:00,854,673,66.7,26,1,15,21,5,,FALSE,0,[],2026-08-30 13:00:00
1008,1,Carousel,2026-08-06 04:00:00,455,386,93.1,32,4,7,9,0,,FALSE,0,[],2026-08-08 07:00:00
1009,1,Story,2026-09-06 17:00:00,237,177,57.8,13,1,1,4,0,,FALSE,0,[],2026-09-09 20:00:00
1010,1,Story,2026-07-06 01:00:00,580,404,69.9,33,2,4,4,0,,FALSE,0,[],2026-07-07 01:00:00
1011,1,Carousel,2026-09-04 02:00:00,1182,773,57.8,34,6,8,10,2,,FALSE,0,[],2026-09-07 05:00:00
1012,1,Reel,2026-07-15 11:00:00,561,428,73.7,31,3,12,5,0,,FALSE,0,"[""uses_trending_audio""]",2026-07-15 14:00:00
1013,1,Carousel,2026-08-20 18:00:00,330,248,90.0,8,2,6,3,0,,FALSE,0,[],2026-08-20 19:00:00
1014,1,Reel,2026-08-14 19:00:00,1152,743,61.6,22,4,20,24,2,,FALSE,0,"[""uses_trending_audio""]",2026-08-17 21:00:00
1015,1,Reel,2026-08-20 15:00:00,16040,14189,17.8,468,96,397,367,22,,FALSE,1,"[""viral_spike"",""uses_trending_audio""]",2026-08-21 16:00:00
1016,1,Story,2026-06-29 22:00:00,312,202,64.8,13,1,3,5,0,,FALSE,0,[],2026-07-01 08:00:00
1017,1,Reel,2026-08-04 17:00:00,775,584,92.2,50,1,11,15,1,,FALSE,0,"[""uses_trending_audio""]",2026-08-06 19:00:00
1018,1,Story,2026-07-31 22:00:00,347,229,83.1,15,2,4,2,0,,FALSE,0,[],2026-08-01 00:00:00
1019,1,Story,2026-08-11 21:00:00,281,227,63.4,11,2,5,5,0,,FALSE,0,[],2026-08-11 22:00:00
1020,1,Story,2026-06-24 11:00:00,11154,9571,34.5,379,61,216,256,18,,FALSE,1,"[""viral_spike""]",2026-06-25 19:00:00
1021,1,Carousel,2026-09-09 13:00:00,259,207,91.0,16,2,5,3,0,,FALSE,0,[],2026-09-12 22:00:00
1022,1,Story,2026-08-25 17:00:00,1084,704,56.0,52,3,19,23,5,,FALSE,0,[],2026-08-27 19:00:00
1023,2,Story,2026-07-27 23:00:00,2809,2112,67.2,164,9,11,33,3,,FALSE,0,[],2026-07-30 04:00:00
1024,2,Reel,2026-06-23 08:00:00,2360,1504,59.6,132,5,43,27,1,,FALSE,0,"[""uses_trending_audio""]",2026-06-25 14:00:00
1025,2,Reel,2026-06-28 08:00:00,846,754,72.4,46,7,16,28,5,,FALSE,0,"[""uses_trending_audio""]",2026-07-01 09:00:00
1026,2,Carousel,2026-06-20 14:00:00,948,612,75.3,42,3,13,16,1,,FALSE,0,[],2026-06-24 00:00:00
1027,2,Carousel,2026-08-22 05:00:00,2690,2149,63.4,165,17,28,49,9,,FALSE,0,[],2026-08-23 15:00:00
1028,2,Carousel,2026-09-03 15:00:00,1611,1068,85.0,75,4,10,11,1,,FALSE,0,[],2026-09-03 22:00:00
1029,2,Carousel,2026-07-22 04:00:00,1525,1174,60.9,83,12,31,42,8,,FALSE,0,[],2026-07-25 04:00:00
1030,2,Photo,2026-07-04 17:00:00,840,631,76.2,40,3,15,14,2,,FALSE,0,[],2026-07-08 01:00:00
1031,2,Story,2026-07-18 19:00:00,1106,904,80.5,68,6,18,16,1,,FALSE,0,[],2026-07-21 00:00:00
1032,2,Reel,2026-08-04 07:00:00,1378,1172,63.6,64,6,19,13,2,,FALSE,0,"[""uses_trending_audio""]",2026-08-04 19:00:00
1033,2,Carousel,2026-07-02 12:00:00,1280,989,90.7,79,7,23,33,7,,FALSE,0,[],2026-07-04 18:00:00
1034,2,Reel,2026-07-14 00:00:00,3029,2072,88.6,176,24,38,77,12,,FALSE,0,"[""uses_trending_audio""]",2026-07-14 10:00:00
1035,2,Story,2026-07-21 20:00:00,1144,906,73.2,45,9,10,34,4,,FALSE,0,[],2026-07-24 20:00:00
1036,2,Photo,2026-07-06 23:00:00,2610,1751,81.1,131,20,17,18,1,,FALSE,0,[],2026-07-07 08:00:00
1037,2,Story,2026-08-17 10:00:00,990,706,84.9,26,7,20,9,0,,FALSE,0,[],2026-08-20 16:00:00
1038,2,Carousel,2026-08-19 22:00:00,1257,868,67.1,61,8,21,23,1,,FALSE,0,[],2026-08-21 23:00:00
1039,2,Reel,2026-07-11 04:00:00,2448,2124,93.4,144,21,48,48,9,279.57,FALSE,0,"[""uses_trending_audio"",""discount_code_traced""]",2026-07-14 11:00:00
1040,2,Carousel,2026-07-20 01:00:00,1369,874,66.2,49,8,16,26,3,,FALSE,0,[],2026-07-22 03:00:00
1041,2,Reel,2026-07-13 18:00:00,1325,948,90.2,60,6,9,16,2,,FALSE,0,"[""uses_trending_audio""]",2026-07-15 05:00:00
1042,2,Story,2026-07-15 04:00:00,472,379,71.2,16,3,5,10,1,517.83,FALSE,0,"[""discount_code_traced""]",2026-07-17 15:00:00
1043,2,Reel,2026-07-17 16:00:00,2396,1905,84.7,165,16,18,61,6,,FALSE,0,"[""uses_trending_audio""]",2026-07-19 17:00:00
1044,2,Reel,2026-08-20 15:00:00,508,372,66.0,32,2,8,5,1,,FALSE,0,"[""uses_trending_audio""]",2026-08-21 00:00:00
1045,2,Carousel,2026-08-08 09:00:00,2985,2435,89.5,89,6,42,66,12,,FALSE,0,[],2026-08-10 10:00:00
1046,2,Carousel,2026-08-13 21:00:00,2302,1634,86.0,86,18,20,45,6,,FALSE,0,[],2026-08-14 06:00:00
1047,3,Reel,2026-08-18 04:00:00,212,179,58.0,5,1,3,3,0,,FALSE,0,"[""uses_trending_audio""]",2026-08-21 05:00:00
1048,3,Photo,2026-06-18 17:00:00,638,446,92.3,24,3,9,16,3,,FALSE,0,[],2026-06-20 05:00:00
1049,3,Story,2026-08-05 05:00:00,295,254,82.5,18,2,4,6,0,,FALSE,0,[],2026-08-08 16:00:00
1050,3,Reel,2026-08-03 05:00:00,968,638,78.0,55,7,13,11,0,,FALSE,0,"[""uses_trending_audio""]",2026-08-06 13:00:00
1051,3,Photo,2026-06-22 10:00:00,599,423,74.7,15,2,5,12,2,,FALSE,0,[],2026-06-25 14:00:00
1052,3,Story,2026-06-21 12:00:00,438,349,67.9,30,2,6,13,2,,FALSE,0,[],2026-06-24 12:00:00
1053,3,Reel,2026-08-20 08:00:00,660,446,63.1,28,5,7,13,0,567.54,FALSE,0,"[""uses_trending_audio"",""discount_code_traced""]",2026-08-21 19:00:00
1054,3,Carousel,2026-08-24 15:00:00,228,143,91.5,8,0,3,3,0,,FALSE,0,[],2026-08-26 21:00:00
1055,3,Reel,2026-07-14 09:00:00,480,308,75.3,25,3,3,10,1,,FALSE,0,"[""uses_trending_audio""]",2026-07-16 09:00:00
1056,3,Reel,2026-08-08 01:00:00,886,659,60.9,41,3,12,17,2,,FALSE,0,"[""uses_trending_audio""]",2026-08-09 12:00:00
1057,3,Reel,2026-08-14 06:00:00,407,324,73.9,27,1,9,10,1,,FALSE,0,"[""uses_trending_audio""]",2026-08-14 08:00:00
1058,3,Reel,2026-07-11 06:00:00,656,571,91.4,17,1,15,22,1,,FALSE,0,"[""uses_trending_audio""]",2026-07-13 11:00:00
1059,3,Reel,2026-06-26 02:00:00,398,277,76.3,24,2,7,6,0,,FALSE,0,"[""uses_trending_audio""]",2026-06-27 12:00:00
1060,3,Photo,2026-06-18 15:00:00,387,337,80.3,27,2,7,12,0,,FALSE,0,[],2026-06-20 20:00:00
1061,3,Reel,2026-07-28 11:00:00,616,412,61.8,14,4,8,7,1,,FALSE,0,"[""uses_trending_audio""]",2026-07-31 21:00:00
1062,3,Reel,2026-08-12 10:00:00,18205,11741,26.9,463,75,160,324,57,,FALSE,1,"[""viral_spike"",""uses_trending_audio""]",2026-08-14 17:00:00
1063,3,Photo,2026-08-06 18:00:00,193,150,69.4,7,1,0,5,0,,FALSE,0,[],2026-08-07 03:00:00
1064,3,Story,2026-07-12 15:00:00,661,547,62.6,24,5,13,16,1,,FALSE,0,[],2026-07-12 19:00:00
1065,3,Carousel,2026-07-19 23:00:00,175,141,84.9,5,0,2,5,0,,FALSE,0,[],2026-07-21 03:00:00
1066,3,Story,2026-07-14 15:00:00,245,155,60.6,13,1,3,6,1,,FALSE,0,[],2026-07-16 16:00:00
1067,3,Reel,2026-07-26 00:00:00,442,300,65.5,15,2,4,9,1,,FALSE,0,"[""uses_trending_audio""]",2026-07-28 09:00:00
1068,3,Reel,2026-08-16 04:00:00,760,608,71.3,23,6,7,15,1,,FALSE,0,"[""uses_trending_audio""]",2026-08-17 10:00:00
1069,3,Story,2026-07-17 13:00:00,823,629,84.7,24,3,4,15,1,77.81,FALSE,0,"[""discount_code_traced""]",2026-07-19 16:00:00
1070,4,Reel,2026-08-14 13:00:00,635,400,69.3,21,1,3,14,1,,FALSE,0,"[""uses_trending_audio""]",2026-08-14 13:00:00
1071,4,Photo,2026-08-02 17:00:00,312,206,77.2,13,2,2,6,1,,FALSE,0,[],2026-08-04 19:00:00
1072,4,Reel,2026-08-28 07:00:00,518,466,55.6,36,2,6,7,0,,FALSE,0,"[""uses_trending_audio""]",2026-08-28 18:00:00
1073,4,Reel,2026-09-05 09:00:00,567,428,63.9,28,3,11,12,1,,FALSE,0,"[""uses_trending_audio""]",2026-09-05 09:00:00
1074,4,Reel,2026-07-14 12:00:00,655,496,91.0,24,1,4,14,2,,FALSE,0,"[""uses_trending_audio""]",2026-07-17 21:00:00
1075,4,Carousel,2026-07-08 15:00:00,211,146,89.1,10,1,3,2,0,,FALSE,0,[],2026-07-10 22:00:00
1076,4,Story,2026-07-24 11:00:00,328,268,93.1,19,1,1,3,0,,FALSE,0,[],2026-07-26 23:00:00
1077,4,Reel,2026-08-28 07:00:00,588,410,71.4,33,4,6,15,0,,FALSE,0,"[""uses_trending_audio""]",2026-08-30 12:00:00
1078,4,Carousel,2026-08-31 06:00:00,554,364,69.0,23,1,4,6,0,,FALSE,0,[],2026-08-31 15:00:00
1079,4,Reel,2026-06-21 02:00:00,614,490,68.6,14,5,9,10,0,,FALSE,0,"[""uses_trending_audio""]",2026-06-21 03:00:00
1080,4,Reel,2026-07-08 18:00:00,224,179,68.0,15,1,4,2,0,,FALSE,0,"[""uses_trending_audio""]",2026-07-08 22:00:00
1081,4,Reel,2026-07-19 03:00:00,393,326,75.5,16,1,7,9,1,,FALSE,0,"[""uses_trending_audio""]",2026-07-20 09:00:00
1082,4,Reel,2026-06-29 23:00:00,245,210,65.2,10,0,4,3,0,,FALSE,0,"[""uses_trending_audio""]",2026-07-02 00:00:00
1083,4,Reel,2026-07-25 01:00:00,19582,12790,24.4,823,116,197,172,9,,FALSE,1,"[""viral_spike"",""uses_trending_audio""]",2026-07-28 12:00:00
1084,4,Reel,2026-07-29 22:00:00,439,338,58.1,27,3,3,11,0,,FALSE,0,"[""uses_trending_audio""]",2026-07-31 10:00:00
1085,4,Story,2026-07-31 13:00:00,674,554,60.9,23,4,13,16,1,,FALSE,0,[],2026-08-03 20:00:00
1086,4,Reel,2026-07-03 06:00:00,582,411,80.0,33,3,3,4,0,,FALSE,0,"[""uses_trending_audio""]",2026-07-05 15:00:00
1087,4,Carousel,2026-09-06 13:00:00,391,347,88.3,12,3,9,9,1,,FALSE,0,[],2026-09-06 20:00:00
1088,4,Reel,2026-07-02 04:00:00,592,375,73.0,29,3,11,4,0,,FALSE,0,"[""uses_trending_audio""]",2026-07-05 11:00:00
1089,4,Carousel,2026-07-08 08:00:00,793,613,86.0,43,1,12,12,1,,FALSE,0,[],2026-07-11 12:00:00
1090,4,Story,2026-08-12 01:00:00,508,433,58.3,30,4,5,12,2,,FALSE,0,[],2026-08-12 05:00:00
1091,5,Story,2026-08-02 20:00:00,968,671,76.1,46,4,9,14,1,,FALSE,0,[],2026-08-05 23:00:00
1092,5,Reel,2026-08-16 20:00:00,958,708,76.6,52,5,15,25,4,,FALSE,0,"[""uses_trending_audio""]",2026-08-17 22:00:00
1093,5,Story,2026-08-21 02:00:00,319,242,71.4,17,1,3,4,0,,FALSE,0,[],2026-08-22 06:00:00
1094,5,Reel,2026-07-15 18:00:00,1137,855,66.3,45,6,24,29,6,,FALSE,0,"[""uses_trending_audio""]",2026-07-17 18:00:00
1095,5,Story,2026-06-23 09:00:00,296,195,89.0,9,1,2,7,0,,FALSE,0,[],2026-06-24 16:00:00
1096,5,Reel,2026-08-01 00:00:00,514,398,58.3,17,2,2,12,1,,FALSE,0,"[""uses_trending_audio""]",2026-08-01 04:00:00
1097,5,Story,2026-07-15 02:00:00,660,469,91.2,14,1,4,17,2,,FALSE,0,[],2026-07-17 05:00:00
1098,5,Reel,2026-08-06 21:00:00,945,712,59.4,60,5,3,18,1,,FALSE,0,"[""uses_trending_audio""]",2026-08-09 21:00:00
1099,5,Reel,2026-06-27 13:00:00,702,615,94.0,20,4,10,24,3,,FALSE,0,"[""uses_trending_audio""]",2026-06-30 13:00:00
1100,5,Photo,2026-06-24 12:00:00,194,130,68.8,9,1,3,4,0,,FALSE,0,[],2026-06-26 22:00:00
1101,5,Carousel,2026-08-22 03:00:00,889,591,57.5,45,3,7,6,0,,FALSE,0,[],2026-08-24 11:00:00
1102,5,Carousel,2026-07-25 07:00:00,16858,13562,31.6,445,116,160,460,63,,FALSE,1,"[""viral_spike""]",2026-07-28 13:00:00
1103,5,Carousel,2026-08-01 19:00:00,1101,810,87.0,59,2,16,28,4,,FALSE,0,[],2026-08-02 00:00:00
1104,5,Reel,2026-06-21 15:00:00,631,437,69.1,14,4,6,17,1,855.72,FALSE,0,"[""uses_trending_audio"",""discount_code_traced""]",2026-06-22 01:00:00
1105,5,Reel,2026-06-24 12:00:00,988,627,60.7,41,6,3,7,1,,FALSE,0,"[""uses_trending_audio""]",2026-06-27 21:00:00
1106,5,Reel,2026-09-09 05:00:00,523,396,58.1,15,2,5,7,1,,FALSE,0,"[""uses_trending_audio""]",2026-09-10 12:00:00
1107,5,Photo,2026-07-09 12:00:00,1013,698,63.6,46,6,20,11,0,,FALSE,0,[],2026-07-10 23:00:00
1108,5,Story,2026-07-19 22:00:00,1228,857,83.4,53,4,10,12,2,,FALSE,0,[],2026-07-21 10:00:00
1109,5,Reel,2026-07-29 08:00:00,866,711,74.8,36,5,11,28,2,,FALSE,0,"[""uses_trending_audio""]",2026-07-29 12:00:00
1110,5,Story,2026-07-25 02:00:00,1049,694,58.0,61,5,11,21,2,,FALSE,0,[],2026-07-26 14:00:00
1111,5,Carousel,2026-08-28 11:00:00,1005,740,67.2,29,8,7,28,4,,FALSE,0,[],2026-08-28 15:00:00
1112,5,Photo,2026-08-19 04:00:00,824,586,58.7,40,4,11,8,1,,FALSE,0,[],2026-08-21 13:00:00
1113,6,Reel,2026-09-10 22:00:00,3686,2586,85.7,142,21,45,74,7,460.5,FALSE,0,"[""uses_trending_audio"",""discount_code_traced""]",2026-09-14 02:00:00
1114,6,Story,2026-07-17 22:00:00,2688,2018,68.6,77,21,26,79,9,,FALSE,0,[],2026-07-20 06:00:00
1115,6,Reel,2026-07-04 21:00:00,1832,1497,58.9,70,8,30,26,5,,FALSE,0,"[""uses_trending_audio""]",2026-07-07 06:00:00
1116,6,Story,2026-08-04 18:00:00,3193,2367,67.3,74,27,41,92,8,,FALSE,0,[],2026-08-04 22:00:00
1117,6,Story,2026-07-12 05:00:00,3026,2212,88.9,123,23,51,72,8,,FALSE,0,[],2026-07-13 10:00:00
1118,6,Reel,2026-07-05 15:00:00,4024,3246,94.6,229,10,95,70,14,,FALSE,0,"[""uses_trending_audio""]",2026-07-08 03:00:00
1119,6,Carousel,2026-08-26 18:00:00,780,697,83.5,54,5,6,25,1,,FALSE,0,[],2026-08-28 20:00:00
1120,6,Story,2026-07-25 05:00:00,2633,1739,76.3,126,8,44,36,6,546.15,FALSE,0,"[""discount_code_traced""]",2026-07-25 14:00:00
1121,6,Photo,2026-07-15 16:00:00,4566,3288,83.9,213,12,68,94,20,,FALSE,0,[],2026-07-16 16:00:00
1122,6,Reel,2026-07-02 02:00:00,53174,45227,27.3,2470,440,1266,1636,322,,FALSE,1,"[""viral_spike"",""uses_trending_audio""]",2026-07-03 10:00:00
1123,6,Reel,2026-08-18 07:00:00,3022,2405,61.9,203,13,33,79,15,,FALSE,0,"[""uses_trending_audio""]",2026-08-20 16:00:00
1124,6,Photo,2026-07-14 18:00:00,2522,1606,94.3,122,14,35,39,5,,FALSE,0,[],2026-07-16 22:00:00
1125,6,Story,2026-08-29 06:00:00,6045,4006,93.2,313,19,48,125,14,,FALSE,0,[],2026-08-31 17:00:00
1126,6,Reel,2026-07-14 18:00:00,5560,3840,60.5,257,30,42,115,17,,FALSE,0,"[""uses_trending_audio""]",2026-07-14 19:00:00
1127,6,Story,2026-07-23 14:00:00,3604,3269,77.0,280,19,92,118,17,,FALSE,0,[],2026-07-25 19:00:00
1128,6,Reel,2026-08-08 04:00:00,3468,2852,84.5,231,6,79,64,13,,FALSE,0,"[""uses_trending_audio""]",2026-08-08 10:00:00
1129,6,Photo,2026-07-12 19:00:00,5868,3815,55.4,244,11,112,70,17,,FALSE,0,[],2026-07-15 21:00:00
1130,6,Reel,2026-07-11 10:00:00,2519,1719,80.9,125,3,23,32,5,,FALSE,0,"[""uses_trending_audio""]",2026-07-14 16:00:00
1131,7,Reel,2026-07-24 03:00:00,567,362,55.3,19,2,4,7,1,,FALSE,0,"[""uses_trending_audio""]",2026-07-26 13:00:00
1132,7,Reel,2026-07-29 02:00:00,418,355,82.4,30,3,8,10,1,,FALSE,0,"[""uses_trending_audio""]",2026-07-31 11:00:00
1133,7,Photo,2026-08-16 17:00:00,556,349,69.9,25,3,8,11,2,,FALSE,0,[],2026-08-17 01:00:00
1134,7,Story,2026-07-18 08:00:00,10830,9577,23.7,577,74,83,190,29,,FALSE,1,"[""viral_spike""]",2026-07-19 19:00:00
1135,7,Reel,2026-07-01 09:00:00,729,550,75.5,31,1,9,18,3,,FALSE,0,"[""uses_trending_audio""]",2026-07-01 20:00:00
1136,7,Reel,2026-08-17 06:00:00,670,489,57.4,40,5,8,9,0,,FALSE,0,"[""uses_trending_audio""]",2026-08-20 11:00:00
1137,7,Story,2026-07-27 10:00:00,438,304,81.5,18,2,4,4,0,,FALSE,0,[],2026-07-28 10:00:00
1138,7,Carousel,2026-09-11 15:00:00,426,331,64.2,19,1,3,12,2,,FALSE,0,[],2026-09-15 00:00:00
1139,7,Reel,2026-09-11 17:00:00,152,109,83.1,3,1,1,1,0,,FALSE,0,"[""uses_trending_audio""]",2026-09-11 19:00:00
1140,7,Reel,2026-07-11 15:00:00,580,418,85.9,33,1,11,16,2,,FALSE,0,"[""uses_trending_audio""]",2026-07-13 15:00:00
1141,7,Story,2026-07-04 06:00:00,585,446,74.8,39,5,9,14,1,,FALSE,0,[],2026-07-05 10:00:00
1142,7,Story,2026-07-27 19:00:00,717,574,83.3,44,6,10,22,3,,FALSE,0,[],2026-07-28 23:00:00
1143,7,Carousel,2026-08-18 14:00:00,655,572,84.0,23,2,12,16,3,,FALSE,0,[],2026-08-19 21:00:00
1144,7,Reel,2026-08-18 14:00:00,250,210,84.7,15,2,5,6,1,,FALSE,0,"[""uses_trending_audio""]",2026-08-19 22:00:00
1145,7,Reel,2026-08-03 15:00:00,361,294,75.5,17,0,8,7,1,,FALSE,0,"[""uses_trending_audio""]",2026-08-05 20:00:00
1146,7,Carousel,2026-07-23 23:00:00,212,173,92.4,11,1,1,3,0,,FALSE,0,[],2026-07-27 07:00:00
1147,7,Reel,2026-06-22 03:00:00,537,368,84.6,21,3,5,5,0,,FALSE,0,"[""uses_trending_audio""]",2026-06-22 11:00:00
1148,7,Photo,2026-09-09 22:00:00,685,525,88.7,23,4,2,13,1,,FALSE,0,[],2026-09-13 08:00:00
1149,7,Reel,2026-07-14 00:00:00,131,96,66.0,8,0,2,2,0,,FALSE,0,"[""uses_trending_audio""]",2026-07-14 01:00:00
1150,7,Reel,2026-07-08 20:00:00,297,233,86.8,8,2,3,4,0,,FALSE,0,"[""uses_trending_audio""]",2026-07-09 06:00:00
1151,7,Reel,2026-06-22 23:00:00,456,405,55.4,16,2,6,13,2,,FALSE,0,"[""uses_trending_audio""]",2026-06-23 07:00:00
1152,7,Reel,2026-09-08 17:00:00,795,595,56.9,20,6,16,16,0,,FALSE,0,"[""uses_trending_audio""]",2026-09-10 17:00:00
1153,8,Reel,2026-07-25 22:00:00,4584,3007,82.1,187,17,70,101,18,,FALSE,0,"[""uses_trending_audio""]",2026-07-27 22:00:00
1154,8,Reel,2026-09-01 11:00:00,101902,72429,24.9,6383,381,1510,2426,339,,FALSE,1,"[""viral_spike"",""uses_trending_audio""]",2026-09-04 17:00:00
1155,8,Carousel,2026-08-21 03:00:00,4816,3860,64.9,132,18,55,129,10,,FALSE,0,[],2026-08-23 04:00:00
1156,8,Photo,2026-09-03 00:00:00,4391,3815,58.5,213,28,67,49,3,,FALSE,0,[],2026-09-05 06:00:00
1157,8,Reel,2026-09-12 15:00:00,5054,3663,94.7,163,26,81,55,5,,FALSE,0,"[""uses_trending_audio""]",2026-09-13 16:00:00
1158,8,Reel,2026-08-23 11:00:00,4998,3903,92.8,285,27,79,92,7,,FALSE,0,"[""uses_trending_audio""]",2026-08-26 16:00:00
1159,8,Story,2026-06-26 12:00:00,3081,2044,89.4,180,6,26,78,7,,FALSE,0,[],2026-06-29 17:00:00
1160,8,Story,2026-08-07 01:00:00,3718,3045,70.0,240,18,23,81,13,,FALSE,0,[],2026-08-07 12:00:00
1161,8,Reel,2026-07-16 02:00:00,4657,4105,88.9,318,35,34,78,7,,FALSE,0,"[""uses_trending_audio""]",2026-07-19 14:00:00
1162,8,Reel,2026-07-27 22:00:00,4199,3072,91.9,252,18,18,119,22,,FALSE,0,"[""uses_trending_audio""]",2026-07-27 23:00:00
1163,8,Story,2026-08-13 03:00:00,4418,3198,80.8,220,37,42,108,7,,FALSE,0,[],2026-08-14 11:00:00
1164,8,Carousel,2026-07-09 07:00:00,3245,2505,85.9,163,17,34,26,1,,FALSE,0,[],2026-07-09 08:00:00
1165,8,Reel,2026-08-26 13:00:00,2030,1514,74.0,85,13,19,28,5,,FALSE,0,"[""uses_trending_audio""]",2026-08-28 23:00:00
1166,8,Story,2026-08-31 03:00:00,5062,3728,77.1,185,23,61,126,22,,FALSE,0,[],2026-09-03 09:00:00
1167,8,Carousel,2026-09-10 01:00:00,4029,3113,83.2,131,29,78,36,2,,FALSE,0,[],2026-09-11 06:00:00
1168,8,Carousel,2026-08-03 18:00:00,5775,4235,80.6,278,34,83,86,18,,FALSE,0,[],2026-08-06 03:00:00
1169,8,Story,2026-06-30 22:00:00,1905,1645,69.9,63,9,32,44,5,,FALSE,0,[],2026-07-02 06:00:00
1170,8,Reel,2026-08-23 09:00:00,5850,4150,89.6,361,28,40,89,14,,FALSE,0,"[""uses_trending_audio""]",2026-08-26 19:00:00
1171,8,Story,2026-07-13 11:00:00,1865,1349,86.8,58,3,14,25,5,,FALSE,0,[],2026-07-16 19:00:00
1172,9,Story,2026-08-30 16:00:00,451,299,56.7,21,2,8,3,0,,FALSE,0,[],2026-09-01 16:00:00
1173,9,Reel,2026-07-18 16:00:00,542,340,86.0,15,3,6,6,1,,FALSE,0,"[""uses_trending_audio""]",2026-07-20 01:00:00
1174,9,Story,2026-08-27 18:00:00,565,414,78.9,16,4,5,11,2,,FALSE,0,[],2026-08-27 20:00:00
1175,9,Photo,2026-07-23 23:00:00,248,162,65.0,11,1,3,4,0,,FALSE,0,[],2026-07-26 09:00:00
1176,9,Carousel,2026-07-22 12:00:00,677,591,75.6,27,6,8,22,2,,FALSE,0,[],2026-07-22 23:00:00
1177,9,Story,2026-07-17 04:00:00,172,126,63.7,7,0,1,4,0,,FALSE,0,[],2026-07-20 16:00:00
1178,9,Story,2026-08-01 03:00:00,15388,10135,10.4,869,36,166,402,54,823.0,FALSE,1,"[""viral_spike"",""discount_code_traced""]",2026-08-03 05:00:00
1179,9,Story,2026-08-09 22:00:00,467,301,61.6,16,1,6,5,0,,FALSE,0,[],2026-08-10 01:00:00
1180,9,Reel,2026-07-14 22:00:00,526,477,82.8,37,5,7,6,0,,FALSE,0,"[""uses_trending_audio""]",2026-07-14 23:00:00
1181,9,Story,2026-08-04 13:00:00,782,530,60.3,47,1,9,5,0,,FALSE,0,[],2026-08-05 23:00:00
1182,9,Carousel,2026-08-25 11:00:00,329,213,60.6,7,1,2,4,0,,FALSE,0,[],2026-08-25 14:00:00
1183,9,Carousel,2026-07-05 05:00:00,771,534,88.9,37,2,9,13,2,,FALSE,0,[],2026-07-05 17:00:00
1184,9,Reel,2026-08-14 09:00:00,514,453,90.5,13,2,5,9,1,,FALSE,0,"[""uses_trending_audio""]",2026-08-15 21:00:00
1185,9,Reel,2026-07-15 22:00:00,7681,6859,11.5,530,48,142,171,22,,FALSE,1,"[""viral_spike"",""uses_trending_audio""]",2026-07-16 08:00:00
1186,9,Carousel,2026-07-07 07:00:00,360,266,63.1,20,1,3,7,1,,FALSE,0,[],2026-07-07 11:00:00
1187,9,Story,2026-06-16 11:00:00,140,123,72.4,7,0,1,3,0,,FALSE,0,[],2026-06-17 22:00:00
1188,9,Carousel,2026-09-12 19:00:00,580,384,65.4,20,3,10,12,0,,FALSE,0,[],2026-09-15 07:00:00
1189,9,Carousel,2026-07-21 16:00:00,911,645,74.8,39,1,17,9,0,,FALSE,0,[],2026-07-21 19:00:00
1190,9,Reel,2026-07-11 00:00:00,305,229,70.3,8,2,6,6,1,,FALSE,0,"[""uses_trending_audio""]",2026-07-14 03:00:00
1191,9,Reel,2026-08-03 17:00:00,277,244,69.9,14,2,2,8,1,108.59,FALSE,0,"[""uses_trending_audio"",""discount_code_traced""]",2026-08-06 21:00:00
1192,9,Reel,2026-08-05 14:00:00,373,300,86.4,22,1,4,11,2,,FALSE,0,"[""uses_trending_audio""]",2026-08-06 16:00:00
1193,9,Reel,2026-09-13 11:00:00,653,452,55.4,22,4,6,14,1,,FALSE,0,"[""uses_trending_audio""]",2026-09-14 17:00:00
1194,10,Reel,2026-08-26 02:00:00,15300,10048,20.3,841,66,238,275,41,,FALSE,1,"[""viral_spike"",""uses_trending_audio""]",2026-08-29 03:00:00
1195,10,Reel,2026-06-30 06:00:00,312,251,89.0,21,1,6,4,0,,FALSE,0,"[""uses_trending_audio""]",2026-07-01 08:00:00
1196,10,Reel,2026-07-01 21:00:00,706,542,76.4,47,2,6,9,0,,FALSE,0,"[""uses_trending_audio""]",2026-07-04 08:00:00
1197,10,Reel,2026-06-16 05:00:00,483,422,64.9,21,3,9,7,1,,FALSE,0,"[""uses_trending_audio""]",2026-06-19 12:00:00
1198,10,Carousel,2026-07-04 01:00:00,338,226,59.9,7,2,2,3,0,,FALSE,0,[],2026-07-04 10:00:00
1199,10,Photo,2026-06-30 16:00:00,24656,20566,26.1,1615,60,538,704,52,,FALSE,1,"[""viral_spike""]",2026-06-30 18:00:00
1200,10,Story,2026-07-02 11:00:00,234,163,61.9,6,0,1,5,0,,FALSE,0,[],2026-07-03 21:00:00
1201,10,Reel,2026-08-07 09:00:00,235,190,60.5,7,2,3,5,1,,FALSE,0,"[""uses_trending_audio""]",2026-08-10 21:00:00
1202,10,Carousel,2026-07-30 09:00:00,1257,931,70.5,37,4,9,34,6,,FALSE,0,[],2026-08-02 17:00:00
1203,10,Photo,2026-07-30 06:00:00,319,224,65.7,17,2,1,8,0,,FALSE,0,[],2026-08-02 11:00:00
1204,10,Reel,2026-08-22 19:00:00,996,779,78.7,56,4,14,11,2,,FALSE,0,"[""uses_trending_audio""]",2026-08-26 03:00:00
1205,10,Carousel,2026-08-05 19:00:00,409,339,76.1,10,3,3,4,0,,FALSE,0,[],2026-08-07 19:00:00
1206,10,Carousel,2026-09-11 20:00:00,1235,811,89.4,71,4,23,17,1,,FALSE,0,[],2026-09-12 22:00:00
1207,10,Photo,2026-07-20 04:00:00,456,288,82.7,24,2,3,7,0,,FALSE,0,[],2026-07-22 06:00:00
1208,10,Reel,2026-08-22 01:00:00,968,635,85.8,40,2,8,21,3,,FALSE,0,"[""uses_trending_audio""]",2026-08-22 08:00:00
1209,10,Story,2026-08-26 14:00:00,1174,992,90.4,35,9,20,36,5,,FALSE,0,[],2026-08-28 01:00:00
1210,10,Reel,2026-09-05 13:00:00,178,138,84.3,12,1,2,2,0,,FALSE,0,"[""uses_trending_audio""]",2026-09-09 01:00:00
1211,10,Story,2026-07-02 04:00:00,794,530,56.3,16,2,4,10,2,,FALSE,0,[],2026-07-02 12:00:00
1212,10,Carousel,2026-09-02 14:00:00,621,557,92.7,22,6,4,7,0,,FALSE,0,[],2026-09-05 00:00:00
1213,10,Reel,2026-08-08 15:00:00,22377,14723,13.8,760,92,182,439,74,,FALSE,1,"[""viral_spike"",""uses_trending_audio""]",2026-08-08 18:00:00
1214,10,Reel,2026-08-23 04:00:00,1092,871,70.9,51,7,6,22,1,,FALSE,0,"[""uses_trending_audio""]",2026-08-25 06:00:00
1215,11,Reel,2026-07-19 10:00:00,1314,1118,82.9,40,9,28,25,5,,FALSE,0,"[""uses_trending_audio""]",2026-07-19 16:00:00
1216,11,Photo,2026-07-09 11:00:00,2348,1694,64.4,81,10,44,18,2,,FALSE,0,[],2026-07-10 12:00:00
1217,11,Photo,2026-07-18 19:00:00,684,572,56.7,19,5,5,19,1,,FALSE,0,[],2026-07-21 06:00:00
1218,11,Reel,2026-09-05 22:00:00,927,749,73.3,61,7,15,19,2,,FALSE,0,"[""uses_trending_audio""]",2026-09-07 07:00:00
1219,11,Story,2026-06-30 06:00:00,2315,1676,59.0,79,12,22,37,4,,FALSE,0,[],2026-07-03 06:00:00
1220,11,Reel,2026-08-22 16:00:00,1688,1298,70.8,107,11,8,31,3,,FALSE,0,"[""uses_trending_audio""]",2026-08-25 04:00:00
1221,11,Reel,2026-08-06 15:00:00,1519,1322,89.8,50,15,21,45,4,,FALSE,0,"[""uses_trending_audio""]",2026-08-06 18:00:00
1222,11,Photo,2026-07-19 18:00:00,1350,994,70.0,33,9,6,31,4,,FALSE,0,[],2026-07-19 20:00:00
1223,11,Story,2026-08-20 18:00:00,1482,951,83.2,44,9,16,27,2,,FALSE,0,[],2026-08-23 01:00:00
1224,11,Reel,2026-06-29 10:00:00,1469,1153,61.5,96,10,25,21,2,,FALSE,0,"[""uses_trending_audio""]",2026-06-30 13:00:00
1225,11,Story,2026-06-23 17:00:00,974,878,86.2,66,1,24,25,4,,FALSE,0,[],2026-06-26 02:00:00
1226,11,Photo,2026-08-05 02:00:00,1159,900,68.9,40,6,19,31,4,,FALSE,0,[],2026-08-07 10:00:00
1227,11,Carousel,2026-06-23 05:00:00,465,411,94.5,28,4,4,12,2,,FALSE,0,[],2026-06-24 13:00:00
1228,11,Story,2026-08-14 23:00:00,1677,1173,82.2,85,10,35,20,2,,FALSE,0,[],2026-08-15 08:00:00
1229,11,Reel,2026-07-02 18:00:00,1854,1307,74.0,112,7,16,19,3,,FALSE,0,"[""uses_trending_audio""]",2026-07-04 19:00:00
1230,11,Story,2026-07-15 20:00:00,1727,1110,92.9,93,9,11,18,4,,FALSE,0,[],2026-07-18 01:00:00
1231,11,Reel,2026-08-11 06:00:00,1491,973,78.3,84,2,26,24,5,,FALSE,0,"[""uses_trending_audio""]",2026-08-13 12:00:00
1232,11,Reel,2026-09-07 20:00:00,1215,878,91.3,50,4,20,29,4,,FALSE,0,"[""uses_trending_audio""]",2026-09-09 01:00:00
1233,11,Reel,2026-06-24 23:00:00,1685,1423,85.6,84,13,10,40,7,,FALSE,0,"[""uses_trending_audio""]",2026-06-28 05:00:00
1234,11,Carousel,2026-09-13 23:00:00,2651,1715,85.3,106,3,8,54,5,,FALSE,0,[],2026-09-16 01:00:00
1235,11,Carousel,2026-08-31 12:00:00,387,345,92.9,19,2,6,7,1,,FALSE,0,[],2026-09-03 17:00:00
1236,12,Reel,2026-07-25 00:00:00,390,266,78.6,10,1,5,2,0,,FALSE,0,"[""uses_trending_audio""]",2026-07-25 09:00:00
1237,12,Reel,2026-09-07 03:00:00,218,189,72.8,7,0,4,3,0,,FALSE,0,"[""uses_trending_audio""]",2026-09-10 13:00:00
1238,12,Carousel,2026-09-01 03:00:00,1034,790,90.9,47,6,9,26,3,,FALSE,0,[],2026-09-03 11:00:00
1239,12,Story,2026-08-19 13:00:00,244,181,63.3,15,0,0,5,1,,FALSE,0,[],2026-08-22 15:00:00
1240,12,Reel,2026-09-02 08:00:00,1389,977,73.3,86,4,6,33,7,,FALSE,0,"[""uses_trending_audio""]",2026-09-04 20:00:00
1241,12,Reel,2026-06-19 14:00:00,1433,928,55.4,35,7,12,34,8,,FALSE,0,"[""uses_trending_audio""]",2026-06-19 19:00:00
1242,12,Reel,2026-08-01 19:00:00,857,565,82.6,33,3,15,8,0,,FALSE,0,"[""uses_trending_audio""]",2026-08-02 20:00:00
1243,12,Carousel,2026-07-22 06:00:00,770,548,86.2,36,5,14,17,3,,FALSE,0,[],2026-07-25 07:00:00
1244,12,Reel,2026-07-23 10:00:00,630,434,82.1,33,3,8,17,3,,FALSE,0,"[""uses_trending_audio""]",2026-07-23 16:00:00
1245,12,Reel,2026-06-21 01:00:00,991,767,88.6,48,9,4,22,1,,FALSE,0,"[""uses_trending_audio""]",2026-06-24 03:00:00
1246,12,Reel,2026-09-04 09:00:00,542,401,77.0,21,4,2,9,1,,FALSE,0,"[""uses_trending_audio""]",2026-09-07 16:00:00
1247,12,Photo,2026-08-04 21:00:00,209,161,56.4,10,1,3,6,1,,FALSE,0,[],2026-08-06 07:00:00
1248,12,Photo,2026-06-20 10:00:00,236,195,73.2,12,1,3,5,0,,FALSE,0,[],2026-06-21 10:00:00
1249,12,Story,2026-08-01 13:00:00,562,413,83.1,13,1,3,13,2,,FALSE,0,[],2026-08-02 16:00:00
1250,12,Reel,2026-08-29 12:00:00,406,320,85.3,10,2,6,4,0,,FALSE,0,"[""uses_trending_audio""]",2026-08-30 19:00:00
1251,12,Story,2026-09-13 08:00:00,756,543,92.0,41,6,12,8,1,,FALSE,0,[],2026-09-15 16:00:00
1252,12,Photo,2026-07-26 11:00:00,1046,846,93.5,74,5,7,18,3,,FALSE,0,[],2026-07-28 22:00:00
1253,12,Story,2026-07-05 14:00:00,872,727,80.0,34,3,15,28,5,478.31,FALSE,0,"[""discount_code_traced""]",2026-07-08 01:00:00
1254,12,Carousel,2026-08-30 13:00:00,1472,1012,82.0,84,7,27,22,1,,FALSE,0,[],2026-09-02 15:00:00
1255,12,Reel,2026-09-07 03:00:00,1381,868,82.3,33,2,21,13,2,,FALSE,0,"[""uses_trending_audio""]",2026-09-10 04:00:00
1256,12,Story,2026-06-27 03:00:00,1143,828,64.5,63,8,10,24,5,,FALSE,0,[],2026-06-29 11:00:00
1257,12,Story,2026-09-08 00:00:00,1444,944,72.7,41,7,21,19,3,,FALSE,0,[],2026-09-09 12:00:00
1258,12,Reel,2026-08-20 15:00:00,336,213,84.4,7,0,2,3,0,,FALSE,0,"[""uses_trending_audio""]",2026-08-20 20:00:00
1259,12,Photo,2026-07-16 02:00:00,29027,20757,29.3,1401,216,260,699,111,,FALSE,1,"[""viral_spike""]",2026-07-18 10:00:00
1260,13,Story,2026-07-09 22:00:00,548,421,69.0,34,3,5,7,1,,FALSE,0,[],2026-07-13 06:00:00
1261,13,Reel,2026-06-23 00:00:00,339,239,91.7,10,0,6,5,1,,FALSE,0,"[""uses_trending_audio""]",2026-06-25 08:00:00
1262,13,Photo,2026-08-09 00:00:00,480,320,72.8,10,3,3,8,1,,FALSE,0,[],2026-08-09 10:00:00
1263,13,Story,2026-09-05 18:00:00,805,614,59.2,38,5,18,20,3,,FALSE,0,[],2026-09-06 18:00:00
1264,13,Reel,2026-07-17 02:00:00,190,127,77.3,8,0,1,2,0,,FALSE,0,"[""uses_trending_audio""]",2026-07-17 08:00:00
1265,13,Carousel,2026-06-19 21:00:00,688,466,78.4,33,1,13,6,1,,FALSE,0,[],2026-06-20 01:00:00
1266,13,Reel,2026-07-19 12:00:00,517,379,60.5,20,3,7,14,1,,FALSE,0,"[""uses_trending_audio""]",2026-07-21 12:00:00
1267,13,Reel,2026-07-05 07:00:00,13199,10177,23.7,357,41,239,323,29,,FALSE,1,"[""viral_spike"",""uses_trending_audio""]",2026-07-06 09:00:00
1268,13,Carousel,2026-08-21 17:00:00,233,163,77.7,5,1,4,4,0,,FALSE,0,[],2026-08-21 21:00:00
1269,13,Story,2026-09-01 18:00:00,341,293,81.2,10,2,8,5,0,,FALSE,0,[],2026-09-04 05:00:00
1270,13,Carousel,2026-07-01 20:00:00,373,284,55.2,12,1,6,6,1,,FALSE,0,[],2026-07-04 03:00:00
1271,13,Reel,2026-07-16 10:00:00,506,426,79.3,34,4,3,11,1,,FALSE,0,"[""uses_trending_audio""]",2026-07-16 21:00:00
1272,13,Story,2026-09-05 00:00:00,810,583,85.8,24,1,6,21,3,,FALSE,0,[],2026-09-06 05:00:00
1273,13,Story,2026-07-25 17:00:00,710,609,75.0,21,3,3,10,2,631.54,FALSE,0,"[""discount_code_traced""]",2026-07-27 00:00:00
1274,13,Carousel,2026-08-24 19:00:00,724,618,84.3,53,1,14,10,1,,FALSE,0,[],2026-08-26 03:00:00
1275,13,Carousel,2026-07-29 12:00:00,194,122,68.0,8,0,3,4,0,,FALSE,0,[],2026-07-30 18:00:00
1276,13,Reel,2026-06-22 12:00:00,809,596,70.1,50,4,8,21,3,,FALSE,0,"[""uses_trending_audio""]",2026-06-22 20:00:00
1277,13,Reel,2026-08-27 10:00:00,13081,10849,14.7,561,99,86,183,38,,FALSE,1,"[""viral_spike"",""uses_trending_audio""]",2026-08-30 20:00:00
1278,13,Reel,2026-07-14 09:00:00,661,595,56.7,38,2,12,6,0,,FALSE,0,"[""uses_trending_audio""]",2026-07-16 11:00:00
1279,14,Carousel,2026-06-29 06:00:00,1652,1094,92.9,47,8,18,26,2,,FALSE,0,[],2026-06-30 18:00:00
1280,14,Carousel,2026-07-01 19:00:00,580,402,91.9,26,1,5,5,0,,FALSE,0,[],2026-07-04 21:00:00
1281,14,Reel,2026-06-28 21:00:00,1440,936,76.3,70,2,20,34,5,,FALSE,0,"[""uses_trending_audio""]",2026-07-02 05:00:00
1282,14,Story,2026-07-22 13:00:00,1137,725,74.3,55,3,18,26,5,,FALSE,0,[],2026-07-25 15:00:00
1283,14,Story,2026-08-12 09:00:00,416,298,76.7,13,0,7,3,0,,FALSE,0,[],2026-08-15 19:00:00
1284,14,Story,2026-08-18 02:00:00,428,326,78.4,14,2,6,9,2,,FALSE,0,[],2026-08-19 08:00:00
1285,14,Carousel,2026-07-05 07:00:00,1080,881,67.3,44,7,20,31,5,,FALSE,0,[],2026-07-08 19:00:00
1286,14,Reel,2026-06-16 19:00:00,1749,1166,79.6,82,2,17,33,6,,FALSE,0,"[""uses_trending_audio""]",2026-06-20 04:00:00
1287,14,Reel,2026-07-20 22:00:00,328,294,70.4,26,2,5,9,1,,FALSE,0,"[""uses_trending_audio""]",2026-07-22 08:00:00
1288,14,Reel,2026-07-12 10:00:00,1827,1345,62.8,103,9,30,38,7,,FALSE,0,"[""uses_trending_audio""]",2026-07-12 12:00:00
1289,14,Story,2026-09-02 16:00:00,951,683,75.7,50,1,4,12,2,,FALSE,0,[],2026-09-04 21:00:00
1290,14,Carousel,2026-08-09 17:00:00,1864,1344,65.4,73,4,9,25,5,,FALSE,0,[],2026-08-12 01:00:00
1291,14,Story,2026-07-02 16:00:00,1323,891,85.3,78,5,14,24,1,,FALSE,0,[],2026-07-02 22:00:00
1292,14,Story,2026-06-24 17:00:00,922,585,75.7,17,6,6,7,1,,FALSE,0,[],2026-06-25 01:00:00
1293,14,Reel,2026-08-22 09:00:00,1077,904,84.8,77,3,21,15,1,,FALSE,0,"[""uses_trending_audio""]",2026-08-23 12:00:00
1294,14,Reel,2026-08-13 05:00:00,390,343,93.2,20,0,9,13,2,,FALSE,0,"[""uses_trending_audio""]",2026-08-15 12:00:00
1295,14,Carousel,2026-07-02 16:00:00,1645,1327,63.9,85,3,33,32,5,,FALSE,0,[],2026-07-06 02:00:00
1296,14,Photo,2026-08-22 10:00:00,1102,763,55.5,32,5,10,21,2,,FALSE,0,[],2026-08-23 14:00:00
1297,14,Reel,2026-07-15 05:00:00,941,719,85.1,37,4,11,19,4,,FALSE,0,"[""uses_trending_audio""]",2026-07-15 16:00:00
1298,14,Carousel,2026-08-10 17:00:00,655,437,84.5,25,0,6,6,1,,FALSE,0,[],2026-08-13 05:00:00
1299,14,Reel,2026-07-13 15:00:00,291,254,61.5,10,1,6,3,0,,FALSE,0,"[""uses_trending_audio""]",2026-07-15 23:00:00
1300,14,Reel,2026-07-04 16:00:00,905,629,79.2,40,5,11,24,2,,FALSE,0,"[""uses_trending_audio""]",2026-07-08 04:00:00
1301,15,Carousel,2026-09-03 12:00:00,2450,1597,80.6,136,9,32,35,8,,FALSE,0,[],2026-09-05 15:00:00
1302,15,Story,2026-08-04 14:00:00,1419,1094,90.5,84,12,25,28,3,,FALSE,0,[],2026-08-04 16:00:00
1303,15,Reel,2026-08-14 03:00:00,1566,1300,70.9,46,14,21,15,3,,FALSE,0,"[""uses_trending_audio""]",2026-08-14 04:00:00
1304,15,Reel,2026-08-11 05:00:00,1875,1495,64.9,70,12,12,52,2,,FALSE,0,"[""uses_trending_audio""]",2026-08-13 12:00:00
1305,15,Photo,2026-07-16 07:00:00,659,419,76.6,27,2,9,15,2,,FALSE,0,[],2026-07-18 12:00:00
1306,15,Reel,2026-07-14 07:00:00,871,667,61.2,20,4,15,9,0,,FALSE,0,"[""uses_trending_audio""]",2026-07-17 19:00:00
1307,15,Reel,2026-07-14 15:00:00,785,646,55.3,33,3,12,14,1,,FALSE,0,"[""uses_trending_audio""]",2026-07-17 21:00:00
1308,15,Reel,2026-08-16 16:00:00,1448,966,79.5,69,4,20,25,2,,FALSE,0,"[""uses_trending_audio""]",2026-08-16 18:00:00
1309,15,Reel,2026-08-27 15:00:00,1268,875,74.7,43,3,25,9,2,,FALSE,0,"[""uses_trending_audio""]",2026-08-29 02:00:00
1310,15,Reel,2026-07-19 01:00:00,298,247,71.8,19,1,3,7,0,,FALSE,0,"[""uses_trending_audio""]",2026-07-20 01:00:00
1311,15,Reel,2026-08-10 12:00:00,761,501,87.7,39,1,12,8,1,,FALSE,0,"[""uses_trending_audio""]",2026-08-10 15:00:00
1312,15,Story,2026-07-17 01:00:00,2183,1634,82.3,79,8,33,18,4,,FALSE,0,[],2026-07-19 08:00:00
1313,15,Reel,2026-06-24 15:00:00,1769,1464,59.5,99,7,13,26,1,,FALSE,0,"[""uses_trending_audio""]",2026-06-24 15:00:00
1314,15,Carousel,2026-07-01 02:00:00,867,758,61.3,26,6,21,30,5,,FALSE,0,[],2026-07-02 13:00:00
1315,15,Reel,2026-07-07 21:00:00,2440,1633,85.3,127,10,16,50,6,,FALSE,0,"[""uses_trending_audio""]",2026-07-08 04:00:00
1316,15,Reel,2026-07-19 07:00:00,594,498,68.9,36,2,12,18,2,,FALSE,0,"[""uses_trending_audio""]",2026-07-20 14:00:00
1317,15,Carousel,2026-08-07 16:00:00,1810,1338,84.3,111,10,18,38,4,,FALSE,0,[],2026-08-10 19:00:00
1318,15,Carousel,2026-07-08 03:00:00,1393,1105,80.6,40,7,7,38,2,,FALSE,0,[],2026-07-09 04:00:00
1319,15,Reel,2026-07-13 18:00:00,2036,1425,76.0,102,6,20,40,2,,FALSE,0,"[""uses_trending_audio""]",2026-07-15 04:00:00
1320,15,Carousel,2026-07-13 22:00:00,1093,743,90.6,58,7,4,21,3,,FALSE,0,[],2026-07-15 23:00:00
1321,15,Reel,2026-08-17 08:00:00,1180,988,76.0,44,8,9,32,4,,FALSE,0,"[""uses_trending_audio""]",2026-08-19 18:00:00
1322,15,Story,2026-07-17 02:00:00,553,465,71.1,23,1,13,10,1,,FALSE,0,[],2026-07-19 07:00:00
1323,15,Reel,2026-07-23 04:00:00,1516,1098,63.6,83,12,12,42,5,,FALSE,0,"[""uses_trending_audio""]",2026-07-23 08:00:00
1324,16,Reel,2026-08-27 15:00:00,1678,1335,85.9,115,13,37,33,5,,FALSE,0,"[""uses_trending_audio""]",2026-08-27 15:00:00
1325,16,Reel,2026-07-17 13:00:00,4597,3753,65.2,180,28,72,62,4,,FALSE,0,"[""uses_trending_audio""]",2026-07-20 15:00:00
1326,16,Story,2026-07-13 02:00:00,1288,907,56.5,71,5,22,34,3,,FALSE,0,[],2026-07-16 08:00:00
1327,16,Story,2026-08-29 17:00:00,5514,3892,80.3,129,28,50,104,11,,FALSE,0,[],2026-08-30 17:00:00
1328,16,Photo,2026-06-19 01:00:00,4526,3262,58.6,182,32,28,65,9,,FALSE,0,[],2026-06-22 05:00:00
1329,16,Carousel,2026-09-03 12:00:00,1204,1032,77.4,61,8,10,29,5,,FALSE,0,[],2026-09-03 16:00:00
1330,16,Story,2026-07-20 14:00:00,1264,968,69.6,40,5,20,32,2,,FALSE,0,[],2026-07-23 23:00:00
1331,16,Reel,2026-08-26 10:00:00,1648,1281,85.3,103,4,8,49,11,,FALSE,0,"[""uses_trending_audio""]",2026-08-28 10:00:00
1332,16,Story,2026-08-01 02:00:00,2852,2253,84.6,96,16,53,59,10,640.81,FALSE,0,"[""discount_code_traced""]",2026-08-01 08:00:00
1333,16,Carousel,2026-07-01 03:00:00,937,781,82.9,36,5,22,9,1,,FALSE,0,[],2026-07-03 04:00:00
1334,16,Story,2026-09-11 15:00:00,1797,1393,94.1,50,7,37,36,3,,FALSE,0,[],2026-09-14 23:00:00
1335,16,Reel,2026-09-11 23:00:00,2282,1760,61.3,89,9,36,30,7,,FALSE,0,"[""uses_trending_audio""]",2026-09-12 09:00:00
1336,16,Story,2026-08-12 12:00:00,924,671,66.2,26,7,14,8,1,570.58,FALSE,0,"[""discount_code_traced""]",2026-08-13 18:00:00
1337,16,Reel,2026-08-14 06:00:00,4837,3825,76.7,162,12,70,130,28,,FALSE,0,"[""uses_trending_audio""]",2026-08-15 12:00:00
1338,16,Photo,2026-08-26 04:00:00,2347,1703,92.9,63,8,45,54,10,,FALSE,0,[],2026-08-29 10:00:00
1339,16,Story,2026-08-06 10:00:00,4182,2847,61.1,117,9,16,112,19,,FALSE,0,[],2026-08-07 19:00:00
1340,16,Story,2026-08-15 17:00:00,4056,3031,75.1,200,27,43,107,15,,FALSE,0,[],2026-08-16 20:00:00
1341,16,Story,2026-09-09 11:00:00,56899,43550,28.6,3888,417,289,1646,406,,FALSE,1,"[""viral_spike""]",2026-09-12 22:00:00
1342,16,Story,2026-08-03 10:00:00,4697,3346,88.0,244,19,95,90,14,,FALSE,0,[],2026-08-03 18:00:00
1343,16,Carousel,2026-08-31 10:00:00,4536,3710,76.5,330,8,54,122,29,,FALSE,0,[],2026-09-03 16:00:00
1344,16,Carousel,2026-08-06 15:00:00,3113,2762,75.7,106,28,44,87,6,,FALSE,0,[],2026-08-07 21:00:00
1345,16,Carousel,2026-07-23 14:00:00,3902,2680,63.1,153,12,59,99,20,,FALSE,0,[],2026-07-23 15:00:00
1346,17,Reel,2026-06-24 13:00:00,984,620,79.5,24,4,3,9,1,,FALSE,0,"[""uses_trending_audio""]",2026-06-25 15:00:00
1347,17,Story,2026-08-26 19:00:00,13105,8945,34.0,423,34,245,347,17,,FALSE,1,"[""viral_spike""]",2026-08-27 02:00:00
1348,17,Carousel,2026-07-12 09:00:00,18658,15307,24.7,896,93,106,428,42,,FALSE,1,"[""viral_spike""]",2026-07-13 09:00:00
1349,17,Reel,2026-08-21 20:00:00,236,212,78.1,14,1,1,2,0,,FALSE,0,"[""uses_trending_audio""]",2026-08-24 05:00:00
1350,17,Story,2026-06-21 02:00:00,797,504,85.0,26,1,12,9,2,,FALSE,0,[],2026-06-24 10:00:00
1351,17,Carousel,2026-09-05 15:00:00,901,713,71.6,30,2,4,19,4,,FALSE,0,[],2026-09-05 22:00:00
1352,17,Photo,2026-06-17 05:00:00,438,312,67.7,19,3,4,4,0,,FALSE,0,[],2026-06-20 12:00:00
1353,17,Reel,2026-08-21 05:00:00,285,246,73.6,19,2,2,7,0,,FALSE,0,"[""uses_trending_audio""]",2026-08-23 13:00:00
1354,17,Reel,2026-06-24 18:00:00,460,308,67.3,18,1,1,9,1,,FALSE,0,"[""uses_trending_audio""]",2026-06-24 20:00:00
1355,17,Story,2026-08-20 14:00:00,596,446,56.4,17,1,7,16,3,,FALSE,0,[],2026-08-24 01:00:00
1356,17,Reel,2026-09-06 08:00:00,452,331,63.3,23,3,9,6,1,,FALSE,0,"[""uses_trending_audio""]",2026-09-06 13:00:00
1357,17,Carousel,2026-07-27 04:00:00,638,535,59.7,41,2,14,16,1,,FALSE,0,[],2026-07-28 09:00:00
1358,17,Reel,2026-07-18 15:00:00,282,189,86.1,16,1,1,4,0,,FALSE,0,"[""uses_trending_audio""]",2026-07-22 02:00:00
1359,17,Story,2026-07-08 15:00:00,1089,721,92.5,50,2,16,17,3,,FALSE,0,[],2026-07-08 19:00:00
1360,17,Story,2026-09-08 03:00:00,531,344,59.1,26,3,1,11,1,,FALSE,0,[],2026-09-09 06:00:00
1361,17,Carousel,2026-08-08 16:00:00,718,581,61.3,21,6,11,7,1,,FALSE,0,[],2026-08-10 18:00:00
1362,17,Reel,2026-08-08 06:00:00,15643,12324,21.1,465,82,269,162,9,,FALSE,1,"[""viral_spike"",""uses_trending_audio""]",2026-08-09 17:00:00
1363,17,Carousel,2026-06-29 06:00:00,540,423,68.3,17,4,10,5,1,,FALSE,0,[],2026-06-30 07:00:00
1364,18,Reel,2026-06-16 10:00:00,1466,989,73.8,85,3,27,17,2,,FALSE,0,"[""uses_trending_audio""]",2026-06-18 22:00:00
1365,18,Carousel,2026-08-03 10:00:00,15980,11932,31.1,560,65,231,301,39,,FALSE,1,"[""viral_spike""]",2026-08-03 15:00:00
1366,18,Reel,2026-07-04 04:00:00,1064,763,64.5,34,2,13,9,0,,FALSE,0,"[""uses_trending_audio""]",2026-07-07 16:00:00
1367,18,Story,2026-07-20 06:00:00,694,485,58.1,41,3,8,13,1,,FALSE,0,[],2026-07-23 08:00:00
1368,18,Reel,2026-08-05 12:00:00,1779,1198,70.2,71,10,8,41,9,,FALSE,0,"[""uses_trending_audio""]",2026-08-06 00:00:00
1369,18,Reel,2026-08-26 03:00:00,937,675,62.8,47,3,12,25,2,,FALSE,0,"[""uses_trending_audio""]",2026-08-29 14:00:00
1370,18,Carousel,2026-07-31 22:00:00,1255,824,89.1,27,9,24,8,1,143.24,FALSE,0,"[""discount_code_traced""]",2026-08-02 22:00:00
1371,18,Story,2026-08-14 11:00:00,756,586,70.3,36,5,9,9,1,,FALSE,0,[],2026-08-17 13:00:00
1372,18,Reel,2026-08-08 03:00:00,26202,22357,32.1,1553,262,187,315,66,,FALSE,1,"[""viral_spike"",""uses_trending_audio""]",2026-08-11 12:00:00
1373,18,Carousel,2026-08-21 10:00:00,956,749,62.4,49,5,19,12,1,,FALSE,0,[],2026-08-23 10:00:00
1374,18,Carousel,2026-09-09 06:00:00,1438,910,58.2,67,6,24,29,3,,FALSE,0,[],2026-09-09 09:00:00
1375,18,Story,2026-07-15 04:00:00,410,290,86.9,14,0,3,9,1,,FALSE,0,[],2026-07-18 13:00:00
1376,18,Reel,2026-08-02 11:00:00,659,557,82.8,36,2,13,9,1,,FALSE,0,"[""uses_trending_audio""]",2026-08-02 21:00:00
1377,18,Carousel,2026-08-07 01:00:00,400,296,89.1,13,0,3,10,0,,FALSE,0,[],2026-08-08 10:00:00
1378,18,Reel,2026-08-25 03:00:00,748,516,74.4,40,5,7,6,0,,FALSE,0,"[""uses_trending_audio""]",2026-08-26 10:00:00
1379,18,Reel,2026-07-23 12:00:00,1181,980,84.4,49,8,23,13,1,,FALSE,0,"[""uses_trending_audio""]",2026-07-25 19:00:00
1380,18,Reel,2026-07-07 17:00:00,913,779,89.8,23,8,12,23,5,,FALSE,0,"[""uses_trending_audio""]",2026-07-07 18:00:00
1381,18,Reel,2026-07-07 04:00:00,1350,947,65.9,43,9,10,26,3,,FALSE,0,"[""uses_trending_audio""]",2026-07-08 15:00:00
1382,18,Story,2026-06-19 06:00:00,1644,1030,67.5,31,2,6,23,3,,FALSE,0,[],2026-06-21 09:00:00
1383,18,Reel,2026-08-08 16:00:00,18084,11524,26.4,923,132,241,360,26,,FALSE,1,"[""viral_spike"",""uses_trending_audio""]",2026-08-09 22:00:00
1384,18,Carousel,2026-06-21 04:00:00,1880,1299,65.1,75,14,27,48,5,,FALSE,0,[],2026-06-23 08:00:00
1385,18,Reel,2026-08-24 22:00:00,27643,17299,16.5,1362,65,116,681,61,,FALSE,1,"[""viral_spike"",""uses_trending_audio""]",2026-08-27 23:00:00
1386,18,Story,2026-08-26 07:00:00,1536,987,83.6,35,2,19,17,2,,FALSE,0,[],2026-08-27 17:00:00
1387,18,Photo,2026-06-25 00:00:00,758,523,91.2,33,3,14,12,1,,FALSE,0,[],2026-06-25 08:00:00
1388,19,Reel,2026-06-17 09:00:00,3066,2421,67.1,80,28,51,50,11,,FALSE,0,"[""uses_trending_audio""]",2026-06-20 21:00:00
1389,19,Reel,2026-08-07 04:00:00,3389,2370,67.0,126,7,52,58,13,,FALSE,0,"[""uses_trending_audio""]",2026-08-08 06:00:00
1390,19,Reel,2026-09-09 18:00:00,1079,834,86.7,57,5,24,28,6,,FALSE,0,"[""uses_trending_audio""]",2026-09-11 18:00:00
1391,19,Reel,2026-08-01 01:00:00,2913,2032,73.3,143,21,17,55,12,,FALSE,0,"[""uses_trending_audio""]",2026-08-02 08:00:00
1392,19,Carousel,2026-06-23 00:00:00,622,429,60.2,17,1,5,14,1,,FALSE,0,[],2026-06-23 01:00:00
1393,19,Carousel,2026-08-30 09:00:00,558,465,68.5,37,4,6,6,1,,FALSE,0,[],2026-09-01 21:00:00
1394,19,Carousel,2026-08-17 23:00:00,685,586,71.6,42,4,9,22,1,,FALSE,0,[],2026-08-21 11:00:00
1395,19,Story,2026-08-25 00:00:00,542,347,83.3,22,1,7,11,1,,FALSE,0,[],2026-08-26 10:00:00
1396,19,Carousel,2026-08-10 08:00:00,1012,700,78.9,51,5,5,24,2,,FALSE,0,[],2026-08-11 11:00:00
1397,19,Photo,2026-08-29 08:00:00,3424,2149,75.3,124,17,21,24,1,,FALSE,0,[],2026-09-01 15:00:00
1398,19,Story,2026-08-22 19:00:00,47308,38074,20.9,1905,382,912,430,85,,FALSE,1,"[""viral_spike""]",2026-08-23 21:00:00
1399,19,Carousel,2026-09-10 09:00:00,32336,24453,24.5,1348,231,671,413,29,,FALSE,1,"[""viral_spike""]",2026-09-11 20:00:00
1400,19,Reel,2026-07-23 18:00:00,1777,1324,90.6,51,14,21,28,2,,FALSE,0,"[""uses_trending_audio""]",2026-07-25 22:00:00
1401,19,Reel,2026-08-19 14:00:00,535,458,89.1,26,1,6,16,2,,FALSE,0,"[""uses_trending_audio""]",2026-08-20 23:00:00
1402,19,Reel,2026-07-05 17:00:00,2176,1362,78.7,109,6,31,43,4,,FALSE,0,"[""uses_trending_audio""]",2026-07-07 02:00:00
1403,19,Story,2026-08-25 06:00:00,678,425,84.3,25,2,6,14,2,,FALSE,0,[],2026-08-28 09:00:00
1404,19,Story,2026-09-03 07:00:00,1437,1189,69.3,52,14,6,35,2,,FALSE,0,[],2026-09-03 14:00:00
1405,19,Story,2026-07-16 20:00:00,2565,1996,73.6,135,21,13,73,8,,FALSE,0,[],2026-07-20 08:00:00
1406,19,Photo,2026-08-10 02:00:00,2995,2005,58.2,166,18,12,76,14,,FALSE,0,[],2026-08-10 08:00:00
1407,20,Reel,2026-09-08 13:00:00,4852,3515,85.9,134,18,64,103,20,,FALSE,0,"[""uses_trending_audio""]",2026-09-10 01:00:00
1408,20,Reel,2026-08-16 14:00:00,4229,3415,57.5,173,23,62,46,8,,FALSE,0,"[""uses_trending_audio""]",2026-08-18 21:00:00
1409,20,Story,2026-06-26 13:00:00,6185,3939,57.6,328,25,27,145,15,142.96,FALSE,0,"[""discount_code_traced""]",2026-06-28 14:00:00
1410,20,Carousel,2026-06-16 20:00:00,3908,2765,66.7,243,20,22,56,7,,FALSE,0,[],2026-06-18 23:00:00
1411,20,Story,2026-09-06 00:00:00,6406,4504,71.5,227,38,59,125,23,,FALSE,0,[],2026-09-09 07:00:00
1412,20,Reel,2026-08-06 06:00:00,1651,1343,74.4,118,13,8,27,3,,FALSE,0,"[""uses_trending_audio""]",2026-08-07 17:00:00
1413,20,Reel,2026-07-07 15:00:00,5478,3529,86.8,140,11,105,96,13,,FALSE,0,"[""uses_trending_audio""]",2026-07-08 23:00:00
1414,20,Reel,2026-09-09 03:00:00,2963,2163,61.5,104,24,32,54,4,,FALSE,0,"[""uses_trending_audio""]",2026-09-11 05:00:00
1415,20,Carousel,2026-09-13 01:00:00,4092,3280,90.8,289,31,97,98,20,,FALSE,0,[],2026-09-16 06:00:00
1416,20,Story,2026-06-17 21:00:00,1665,1211,67.3,65,12,19,15,0,,FALSE,0,[],2026-06-19 09:00:00
1417,20,Reel,2026-08-09 18:00:00,3529,2458,58.5,149,9,31,69,16,,FALSE,0,"[""uses_trending_audio""]",2026-08-12 00:00:00
1418,20,Story,2026-08-26 02:00:00,2685,2162,69.1,191,23,15,68,9,733.13,FALSE,0,"[""discount_code_traced""]",2026-08-28 04:00:00
1419,20,Story,2026-07-21 01:00:00,3470,3036,63.3,177,32,90,36,8,,FALSE,0,[],2026-07-21 01:00:00
1420,20,Photo,2026-07-23 04:00:00,4231,2908,85.2,111,11,42,77,4,,FALSE,0,[],2026-07-25 11:00:00
1421,20,Carousel,2026-07-04 01:00:00,39807,32329,33.9,2588,217,690,1189,158,,FALSE,1,"[""viral_spike""]",2026-07-05 01:00:00
1422,20,Carousel,2026-08-29 16:00:00,3948,3083,74.2,173,14,68,120,25,,FALSE,0,[],2026-08-29 20:00:00
1423,20,Reel,2026-08-24 06:00:00,4930,4222,61.5,195,26,117,87,9,,FALSE,0,"[""uses_trending_audio""]",2026-08-24 14:00:00
1424,20,Reel,2026-08-20 04:00:00,5089,3710,89.9,295,32,46,113,21,,FALSE,0,"[""uses_trending_audio""]",2026-08-22 06:00:00
1425,20,Carousel,2026-09-12 20:00:00,3326,2619,91.4,94,9,27,40,9,,FALSE,0,[],2026-09-13 02:00:00
1426,20,Reel,2026-07-17 22:00:00,909,714,82.6,27,4,21,18,4,,FALSE,0,"[""uses_trending_audio""]",2026-07-19 22:00:00
1427,21,Story,2026-08-16 20:00:00,383,330,60.2,11,2,8,4,0,,FALSE,0,[],2026-08-16 23:00:00
1428,21,Story,2026-08-31 23:00:00,215,186,65.1,6,1,4,6,1,,FALSE,0,[],2026-09-02 01:00:00
1429,21,Reel,2026-06-20 13:00:00,961,776,78.2,39,8,19,22,3,,FALSE,0,"[""uses_trending_audio""]",2026-06-20 21:00:00
1430,21,Reel,2026-08-17 02:00:00,1245,910,93.9,32,3,16,28,3,,FALSE,0,"[""uses_trending_audio""]",2026-08-20 12:00:00
1431,21,Story,2026-08-31 19:00:00,677,499,71.3,37,2,8,12,1,,FALSE,0,[],2026-09-03 03:00:00
1432,21,Reel,2026-09-08 22:00:00,530,379,67.5,33,2,7,7,1,,FALSE,0,"[""uses_trending_audio""]",2026-09-09 10:00:00
1433,21,Reel,2026-07-15 03:00:00,22867,15924,19.9,977,139,127,347,65,680.22,FALSE,1,"[""viral_spike"",""uses_trending_audio"",""discount_code_traced""]",2026-07-16 04:00:00
1434,21,Reel,2026-07-29 18:00:00,1145,986,88.5,72,4,22,27,2,,FALSE,0,"[""uses_trending_audio""]",2026-08-01 23:00:00
1435,21,Carousel,2026-07-15 03:00:00,682,551,85.7,20,2,9,15,1,,FALSE,0,[],2026-07-15 04:00:00
1436,21,Reel,2026-07-12 03:00:00,826,654,67.1,44,6,14,16,2,,FALSE,0,"[""uses_trending_audio""]",2026-07-14 13:00:00
1437,21,Carousel,2026-07-12 09:00:00,1137,830,55.7,62,9,22,11,1,,FALSE,0,[],2026-07-15 16:00:00
1438,21,Reel,2026-09-09 23:00:00,1241,805,61.6,44,4,11,26,4,,FALSE,0,"[""uses_trending_audio""]",2026-09-13 06:00:00
1439,21,Carousel,2026-07-04 19:00:00,887,560,79.7,28,6,7,6,0,,FALSE,0,[],2026-07-07 07:00:00
1440,21,Story,2026-07-02 00:00:00,607,462,94.7,25,1,5,7,0,,FALSE,0,[],2026-07-02 04:00:00
1441,21,Reel,2026-08-30 14:00:00,238,167,71.9,10,1,0,4,0,,FALSE,0,"[""uses_trending_audio""]",2026-09-02 19:00:00
1442,21,Story,2026-07-02 21:00:00,906,715,75.1,54,3,14,14,1,,FALSE,0,[],2026-07-03 05:00:00
1443,21,Reel,2026-08-17 15:00:00,943,628,80.0,54,5,12,17,1,,FALSE,0,"[""uses_trending_audio""]",2026-08-20 21:00:00
1444,21,Story,2026-08-18 13:00:00,591,394,72.3,24,1,5,11,1,,FALSE,0,[],2026-08-19 13:00:00
1445,21,Carousel,2026-06-25 02:00:00,806,564,88.0,48,2,11,19,4,,FALSE,0,[],2026-06-25 10:00:00
1446,21,Carousel,2026-08-19 13:00:00,1150,776,88.8,42,8,21,22,4,,FALSE,0,[],2026-08-21 23:00:00
1447,21,Story,2026-08-24 16:00:00,399,340,56.1,26,1,5,13,1,,FALSE,0,[],2026-08-25 18:00:00
1448,21,Reel,2026-08-10 20:00:00,514,374,80.8,12,3,9,4,0,,FALSE,0,"[""uses_trending_audio""]",2026-08-12 21:00:00
1449,21,Story,2026-07-23 13:00:00,723,476,88.7,21,3,8,6,1,,FALSE,0,[],2026-07-25 20:00:00
1450,22,Reel,2026-08-29 14:00:00,3280,2225,64.4,123,7,20,86,11,,FALSE,0,"[""uses_trending_audio""]",2026-08-29 21:00:00
1451,22,Story,2026-07-07 13:00:00,3822,2858,64.9,133,28,24,69,8,,FALSE,0,[],2026-07-08 00:00:00
1452,22,Story,2026-06-21 23:00:00,2222,1615,67.4,141,9,40,22,4,,FALSE,0,[],2026-06-24 23:00:00
1453,22,Reel,2026-07-25 16:00:00,4638,3715,89.4,147,23,48,127,22,,FALSE,0,"[""uses_trending_audio""]",2026-07-27 17:00:00
1454,22,Story,2026-07-13 09:00:00,2613,1993,91.7,71,7,22,23,3,,FALSE,0,[],2026-07-15 16:00:00
1455,22,Story,2026-06-18 00:00:00,1834,1388,80.6,41,5,17,37,2,,FALSE,0,[],2026-06-19 09:00:00
1456,22,Story,2026-06-18 11:00:00,3793,2585,65.4,184,26,64,41,5,,FALSE,0,[],2026-06-21 20:00:00
1457,22,Photo,2026-08-17 00:00:00,4621,3270,91.3,289,13,73,49,6,,FALSE,0,[],2026-08-19 02:00:00
1458,22,Reel,2026-09-02 13:00:00,951,698,85.9,59,7,12,11,0,,FALSE,0,"[""uses_trending_audio""]",2026-09-04 17:00:00
1459,22,Reel,2026-07-12 12:00:00,4919,3079,66.3,217,19,46,44,4,,FALSE,0,"[""uses_trending_audio""]",2026-07-15 15:00:00
1460,22,Story,2026-07-28 06:00:00,796,683,67.9,48,6,15,21,4,,FALSE,0,[],2026-07-28 14:00:00
1461,22,Reel,2026-09-06 23:00:00,6922,4331,92.6,381,34,102,49,4,,FALSE,0,"[""uses_trending_audio""]",2026-09-09 05:00:00
1462,22,Reel,2026-06-20 13:00:00,961,808,61.8,48,4,13,10,1,,FALSE,0,"[""uses_trending_audio""]",2026-06-22 14:00:00
1463,22,Photo,2026-08-04 23:00:00,5701,4596,69.4,256,50,53,160,37,,FALSE,0,[],2026-08-08 01:00:00
1464,22,Photo,2026-08-04 01:00:00,1917,1256,81.3,97,3,10,21,1,,FALSE,0,[],2026-08-07 07:00:00
1465,22,Reel,2026-08-30 09:00:00,4728,3522,74.7,284,37,28,45,10,,FALSE,0,"[""uses_trending_audio""]",2026-08-31 20:00:00
1466,22,Carousel,2026-07-10 16:00:00,2404,1504,55.2,114,5,42,26,3,,FALSE,0,[],2026-07-12 16:00:00
1467,22,Photo,2026-08-08 03:00:00,3377,2159,59.2,106,4,35,67,9,,FALSE,0,[],2026-08-10 12:00:00
1468,23,Carousel,2026-09-08 04:00:00,3342,2089,91.3,162,6,55,71,7,,FALSE,0,[],2026-09-08 12:00:00
1469,23,Reel,2026-06-28 12:00:00,1117,752,71.0,23,3,11,16,2,181.01,FALSE,0,"[""uses_trending_audio"",""discount_code_traced""]",2026-06-30 19:00:00
1470,23,Story,2026-07-20 01:00:00,1856,1593,81.6,127,11,27,58,8,,FALSE,0,[],2026-07-23 02:00:00
1471,23,Carousel,2026-07-21 13:00:00,1236,1104,68.7,63,4,24,16,2,,FALSE,0,[],2026-07-21 17:00:00
1472,23,Reel,2026-07-16 11:00:00,1378,866,82.4,41,3,13,23,3,,FALSE,0,"[""uses_trending_audio""]",2026-07-16 19:00:00
1473,23,Reel,2026-07-21 11:00:00,1684,1373,65.2,47,9,10,40,3,,FALSE,0,"[""uses_trending_audio""]",2026-07-24 11:00:00
1474,23,Story,2026-09-03 11:00:00,1869,1408,81.8,94,6,41,50,4,,FALSE,0,[],2026-09-05 21:00:00
1475,23,Carousel,2026-08-31 11:00:00,21831,18410,21.9,1316,196,536,516,76,,FALSE,1,"[""viral_spike""]",2026-09-02 22:00:00
1476,23,Story,2026-06-19 02:00:00,541,464,62.6,36,4,4,5,0,,FALSE,0,[],2026-06-20 08:00:00
1477,23,Reel,2026-06-25 07:00:00,1569,1174,55.9,46,4,26,45,6,,FALSE,0,"[""uses_trending_audio""]",2026-06-26 10:00:00
1478,23,Story,2026-08-07 06:00:00,1069,929,88.9,51,5,16,25,4,81.46,FALSE,0,"[""discount_code_traced""]",2026-08-10 13:00:00
1479,23,Story,2026-07-10 06:00:00,3081,2009,64.3,67,4,38,53,5,,FALSE,0,[],2026-07-13 07:00:00
1480,23,Photo,2026-07-12 05:00:00,1795,1617,66.5,67,8,17,26,6,,FALSE,0,[],2026-07-15 07:00:00
1481,23,Story,2026-08-07 01:00:00,2690,1873,84.4,145,18,48,53,5,,FALSE,0,[],2026-08-10 03:00:00
1482,23,Reel,2026-08-22 18:00:00,2825,1798,74.7,79,13,53,37,3,,FALSE,0,"[""uses_trending_audio""]",2026-08-24 02:00:00
1483,23,Reel,2026-09-09 22:00:00,1003,727,74.5,65,7,17,24,3,,FALSE,0,"[""uses_trending_audio""]",2026-09-10 09:00:00
1484,23,Story,2026-09-07 10:00:00,2741,1727,86.3,114,18,13,46,6,,FALSE,0,[],2026-09-07 13:00:00
1485,23,Story,2026-07-29 19:00:00,2346,1739,89.8,68,9,44,23,2,703.84,FALSE,0,"[""discount_code_traced""]",2026-07-29 22:00:00
1486,23,Reel,2026-07-15 14:00:00,1167,801,71.6,54,3,19,20,4,,FALSE,0,"[""uses_trending_audio""]",2026-07-18 20:00:00
1487,23,Photo,2026-07-23 10:00:00,2496,1588,72.7,121,14,28,19,2,,FALSE,0,[],2026-07-24 16:00:00
1488,23,Story,2026-09-06 12:00:00,2343,1511,57.3,102,13,32,38,4,,FALSE,0,[],2026-09-08 23:00:00
1489,23,Reel,2026-08-04 13:00:00,2022,1296,83.0,73,5,24,43,7,,FALSE,0,"[""uses_trending_audio""]",2026-08-08 01:00:00
1490,23,Reel,2026-08-19 15:00:00,1510,1035,90.2,63,7,10,26,2,,FALSE,0,"[""uses_trending_audio""]",2026-08-20 15:00:00
1491,24,Reel,2026-07-06 06:00:00,1098,838,75.2,61,8,9,21,1,,FALSE,0,"[""uses_trending_audio""]",2026-07-06 13:00:00
1492,24,Story,2026-08-06 06:00:00,3110,2070,94.6,132,22,42,53,8,,FALSE,0,[],2026-08-08 16:00:00
1493,24,Reel,2026-07-02 03:00:00,1871,1624,75.7,67,15,26,23,3,,FALSE,0,"[""uses_trending_audio""]",2026-07-02 03:00:00
1494,24,Carousel,2026-07-21 20:00:00,1303,956,78.5,58,5,11,23,3,,FALSE,0,[],2026-07-25 07:00:00
1495,24,Reel,2026-07-22 19:00:00,1835,1576,83.2,128,5,16,38,7,,FALSE,0,"[""uses_trending_audio""]",2026-07-24 20:00:00
1496,24,Reel,2026-06-28 11:00:00,1104,811,59.7,39,4,10,8,0,,FALSE,0,"[""uses_trending_audio""]",2026-07-01 11:00:00
1497,24,Reel,2026-08-05 15:00:00,1362,1173,68.9,96,7,22,31,7,,FALSE,0,"[""uses_trending_audio""]",2026-08-09 02:00:00
1498,24,Story,2026-06-28 20:00:00,1486,1122,73.0,91,5,28,33,4,,FALSE,0,[],2026-07-02 01:00:00
1499,24,Photo,2026-07-06 23:00:00,2306,1621,89.6,117,12,40,50,8,,FALSE,0,[],2026-07-07 02:00:00
1500,24,Carousel,2026-06-26 07:00:00,36633,30663,21.9,2569,98,870,471,25,,FALSE,1,"[""viral_spike""]",2026-06-27 18:00:00
1501,24,Reel,2026-07-01 10:00:00,1208,867,74.7,74,4,8,9,1,,FALSE,0,"[""uses_trending_audio""]",2026-07-01 11:00:00
1502,24,Reel,2026-09-01 07:00:00,858,750,67.3,40,2,15,14,0,,FALSE,0,"[""uses_trending_audio""]",2026-09-04 08:00:00
1503,24,Reel,2026-08-04 20:00:00,1463,967,59.8,40,9,19,23,4,,FALSE,0,"[""uses_trending_audio""]",2026-08-05 00:00:00
1504,24,Carousel,2026-09-06 14:00:00,1518,1165,64.3,96,5,33,35,3,,FALSE,0,[],2026-09-07 18:00:00
1505,24,Reel,2026-07-03 11:00:00,1780,1194,60.7,74,4,13,46,11,,FALSE,0,"[""uses_trending_audio""]",2026-07-03 11:00:00
1506,24,Reel,2026-07-16 05:00:00,449,287,74.3,18,2,4,5,0,,FALSE,0,"[""uses_trending_audio""]",2026-07-18 05:00:00
1507,24,Carousel,2026-08-24 01:00:00,24484,16895,30.8,1241,202,455,275,41,,FALSE,1,"[""viral_spike""]",2026-08-26 11:00:00
1508,24,Carousel,2026-08-11 02:00:00,2630,2070,73.4,136,4,46,60,3,,FALSE,0,[],2026-08-11 12:00:00
1509,25,Carousel,2026-06-16 02:00:00,261,170,81.1,10,1,4,3,0,369.92,FALSE,0,"[""discount_code_traced""]",2026-06-18 08:00:00
1510,25,Photo,2026-08-22 02:00:00,451,377,55.4,28,3,8,11,0,,FALSE,0,[],2026-08-24 14:00:00
1511,25,Photo,2026-08-16 17:00:00,187,139,83.2,9,0,4,4,0,,FALSE,0,[],2026-08-19 19:00:00
1512,25,Story,2026-07-05 18:00:00,829,600,57.6,22,1,6,16,1,,FALSE,0,[],2026-07-07 21:00:00
1513,25,Photo,2026-06-20 00:00:00,604,493,77.4,28,5,10,18,1,,FALSE,0,[],2026-06-23 06:00:00
1514,25,Story,2026-08-09 21:00:00,548,371,90.4,16,1,5,8,0,,FALSE,0,[],2026-08-10 06:00:00
1515,25,Reel,2026-09-10 01:00:00,1242,797,62.9,39,2,16,8,1,,FALSE,0,"[""uses_trending_audio""]",2026-09-12 05:00:00
1516,25,Carousel,2026-08-13 21:00:00,1068,707,75.8,31,1,14,16,1,,FALSE,0,[],2026-08-13 22:00:00
1517,25,Reel,2026-09-06 23:00:00,906,608,57.5,47,1,12,13,0,,FALSE,0,"[""uses_trending_audio""]",2026-09-07 03:00:00
1518,25,Reel,2026-07-27 12:00:00,390,279,81.4,8,1,6,10,1,,FALSE,0,"[""uses_trending_audio""]",2026-07-27 19:00:00
1519,25,Carousel,2026-07-09 14:00:00,176,121,78.7,9,1,0,3,0,,FALSE,0,[],2026-07-12 16:00:00
1520,25,Story,2026-08-13 20:00:00,12068,9157,34.0,689,46,248,304,24,,FALSE,1,"[""viral_spike""]",2026-08-16 00:00:00
1521,25,Carousel,2026-07-29 00:00:00,263,216,87.8,13,0,2,8,1,,FALSE,0,[],2026-07-29 05:00:00
1522,25,Carousel,2026-08-20 03:00:00,645,446,89.1,28,2,5,8,0,,FALSE,0,[],2026-08-20 10:00:00
1523,25,Carousel,2026-08-17 00:00:00,538,446,74.2,33,4,11,9,1,,FALSE,0,[],2026-08-17 05:00:00
1524,25,Reel,2026-09-12 22:00:00,282,214,80.3,18,1,6,3,0,,FALSE,0,"[""uses_trending_audio""]",2026-09-15 09:00:00
1525,25,Story,2026-08-22 14:00:00,299,252,65.5,9,2,2,7,1,,FALSE,0,[],2026-08-23 18:00:00
1526,25,Reel,2026-07-17 17:00:00,320,235,87.0,15,1,5,3,0,,FALSE,0,"[""uses_trending_audio""]",2026-07-18 20:00:00
1527,25,Story,2026-07-07 12:00:00,594,419,91.8,31,3,11,7,0,,FALSE,0,[],2026-07-09 14:00:00
1528,26,Reel,2026-07-01 09:00:00,512,358,57.6,21,3,7,9,1,,FALSE,0,"[""uses_trending_audio""]",2026-07-03 20:00:00
1529,26,Story,2026-07-28 08:00:00,459,372,71.0,31,2,2,6,0,,FALSE,0,[],2026-07-31 11:00:00
1530,26,Story,2026-08-05 11:00:00,801,623,77.0,23,1,10,12,2,,FALSE,0,[],2026-08-07 17:00:00
1531,26,Reel,2026-07-18 10:00:00,461,373,56.0,21,1,2,13,1,,FALSE,0,"[""uses_trending_audio""]",2026-07-18 22:00:00
1532,26,Reel,2026-08-09 17:00:00,5813,4844,14.9,241,24,122,147,15,,FALSE,1,"[""viral_spike"",""uses_trending_audio""]",2026-08-11 05:00:00
1533,26,Reel,2026-07-06 16:00:00,832,558,71.2,30,4,11,13,1,,FALSE,0,"[""uses_trending_audio""]",2026-07-07 22:00:00
1534,26,Story,2026-08-15 17:00:00,310,223,77.1,12,2,3,2,0,,FALSE,0,[],2026-08-18 20:00:00
1535,26,Story,2026-07-19 10:00:00,8837,5750,17.6,427,40,123,118,11,,FALSE,1,"[""viral_spike""]",2026-07-22 22:00:00
1536,26,Reel,2026-06-17 07:00:00,460,413,60.6,36,4,7,14,3,,FALSE,0,"[""uses_trending_audio""]",2026-06-20 13:00:00
1537,26,Reel,2026-08-18 12:00:00,455,360,93.5,24,1,3,10,0,,FALSE,0,"[""uses_trending_audio""]",2026-08-21 12:00:00
1538,26,Reel,2026-08-21 18:00:00,305,251,81.4,8,0,4,3,0,,FALSE,0,"[""uses_trending_audio""]",2026-08-22 19:00:00
1539,26,Reel,2026-08-28 07:00:00,482,311,63.3,25,1,7,9,0,,FALSE,0,"[""uses_trending_audio""]",2026-08-30 16:00:00
1540,26,Story,2026-08-19 08:00:00,325,204,72.8,16,1,2,4,0,,FALSE,0,[],2026-08-22 17:00:00
1541,26,Reel,2026-09-08 01:00:00,780,613,88.7,47,3,15,21,2,,FALSE,0,"[""uses_trending_audio""]",2026-09-11 08:00:00
1542,26,Reel,2026-07-26 03:00:00,493,314,64.6,25,1,6,5,1,,FALSE,0,"[""uses_trending_audio""]",2026-07-27 10:00:00
1543,26,Reel,2026-07-23 07:00:00,703,520,86.2,28,1,5,5,0,,FALSE,0,"[""uses_trending_audio""]",2026-07-26 13:00:00
1544,26,Reel,2026-08-01 01:00:00,136,111,83.4,4,0,1,2,0,,FALSE,0,"[""uses_trending_audio""]",2026-08-04 03:00:00
1545,26,Story,2026-07-15 16:00:00,115,100,66.8,6,0,0,3,0,,FALSE,0,[],2026-07-17 18:00:00
1546,26,Reel,2026-08-17 02:00:00,308,213,88.5,16,1,4,7,0,,FALSE,0,"[""uses_trending_audio""]",2026-08-17 11:00:00
1547,26,Story,2026-09-13 23:00:00,796,619,64.5,21,3,18,12,1,,FALSE,0,[],2026-09-15 00:00:00
1548,26,Story,2026-06-20 19:00:00,13739,9112,18.1,616,75,258,199,26,,FALSE,1,"[""viral_spike""]",2026-06-21 00:00:00
1549,26,Reel,2026-08-03 19:00:00,115,96,63.8,6,0,1,1,0,,FALSE,0,"[""uses_trending_audio""]",2026-08-06 20:00:00
1550,26,Reel,2026-07-07 06:00:00,685,431,82.9,30,5,9,8,1,,FALSE,0,"[""uses_trending_audio""]",2026-07-09 16:00:00
1551,26,Reel,2026-07-14 22:00:00,546,423,80.6,18,3,12,7,1,,FALSE,0,"[""uses_trending_audio""]",2026-07-17 01:00:00
1552,27,Reel,2026-08-13 05:00:00,846,705,70.0,48,3,16,27,3,,FALSE,0,"[""uses_trending_audio""]",2026-08-14 09:00:00
1553,27,Story,2026-08-04 04:00:00,28631,21899,30.3,1643,93,510,444,40,,FALSE,1,"[""viral_spike""]",2026-08-05 16:00:00
1554,27,Story,2026-06-18 02:00:00,730,579,72.7,17,6,3,9,1,,FALSE,0,[],2026-06-19 04:00:00
1555,27,Carousel,2026-09-02 19:00:00,1425,1170,58.1,85,5,26,20,1,,FALSE,0,[],2026-09-05 04:00:00
1556,27,Reel,2026-07-18 04:00:00,1080,686,69.4,36,4,10,19,2,,FALSE,0,"[""uses_trending_audio""]",2026-07-21 04:00:00
1557,27,Story,2026-07-27 11:00:00,1618,1158,61.1,85,5,19,27,3,,FALSE,0,[],2026-07-27 16:00:00
1558,27,Carousel,2026-08-27 02:00:00,412,373,75.0,27,2,10,14,3,,FALSE,0,[],2026-08-30 06:00:00
1559,27,Reel,2026-06-23 06:00:00,1435,1235,92.3,49,11,35,40,8,,FALSE,0,"[""uses_trending_audio""]",2026-06-26 16:00:00
1560,27,Story,2026-06-17 13:00:00,1708,1164,64.7,37,11,24,35,6,,FALSE,0,[],2026-06-19 22:00:00
1561,27,Reel,2026-07-17 03:00:00,1130,790,61.5,29,2,18,17,3,118.3,FALSE,0,"[""uses_trending_audio"",""discount_code_traced""]",2026-07-18 09:00:00
1562,27,Reel,2026-08-23 11:00:00,1726,1208,70.3,58,7,32,38,2,,FALSE,0,"[""uses_trending_audio""]",2026-08-25 13:00:00
1563,27,Reel,2026-08-10 01:00:00,1014,920,61.7,54,2,22,20,2,,FALSE,0,"[""uses_trending_audio""]",2026-08-13 03:00:00
1564,27,Reel,2026-08-22 13:00:00,933,691,59.4,44,2,6,22,4,,FALSE,0,"[""uses_trending_audio""]",2026-08-25 20:00:00
1565,27,Reel,2026-06-25 05:00:00,291,255,60.0,8,0,2,6,1,,FALSE,0,"[""uses_trending_audio""]",2026-06-27 17:00:00
1566,27,Carousel,2026-09-13 03:00:00,371,273,55.3,18,3,6,10,1,,FALSE,0,[],2026-09-16 08:00:00
1567,27,Story,2026-07-28 03:00:00,1642,1046,81.6,55,2,14,20,1,,FALSE,0,[],2026-07-31 14:00:00
1568,27,Carousel,2026-08-28 00:00:00,679,469,87.6,24,3,10,11,1,,FALSE,0,[],2026-08-30 00:00:00
1569,27,Story,2026-06-24 13:00:00,1379,959,64.3,56,9,23,19,4,,FALSE,0,[],2026-06-27 23:00:00
1570,27,Story,2026-06-16 21:00:00,442,378,75.8,24,3,6,5,1,,FALSE,0,[],2026-06-19 23:00:00
1571,27,Carousel,2026-07-18 21:00:00,509,430,92.8,30,1,12,4,0,,FALSE,0,[],2026-07-22 09:00:00
1572,27,Story,2026-08-09 17:00:00,1709,1191,81.6,101,9,20,40,4,,FALSE,0,[],2026-08-10 03:00:00
1573,27,Photo,2026-08-01 12:00:00,1352,948,86.4,83,6,10,16,1,,FALSE,0,[],2026-08-03 23:00:00
1574,27,Story,2026-06-30 18:00:00,861,564,93.2,36,1,3,14,3,321.7,FALSE,0,"[""discount_code_traced""]",2026-07-03 06:00:00
1575,28,Story,2026-08-28 08:00:00,576,522,89.1,25,5,6,8,1,,FALSE,0,[],2026-08-30 10:00:00
1576,28,Reel,2026-06-20 02:00:00,1884,1305,65.9,105,10,27,21,2,99.99,FALSE,0,"[""uses_trending_audio"",""discount_code_traced""]",2026-06-22 04:00:00
1577,28,Photo,2026-08-18 01:00:00,2757,1766,86.0,143,16,22,60,13,,FALSE,0,[],2026-08-18 09:00:00
1578,28,Reel,2026-07-25 14:00:00,1295,1000,57.9,73,4,28,31,4,,FALSE,0,"[""uses_trending_audio""]",2026-07-28 02:00:00
1579,28,Story,2026-07-01 23:00:00,1437,1216,60.5,87,5,10,20,3,,FALSE,0,[],2026-07-02 04:00:00
1580,28,Story,2026-07-02 21:00:00,949,603,72.1,48,6,4,23,1,,FALSE,0,[],2026-07-05 06:00:00
1581,28,Carousel,2026-07-20 20:00:00,462,379,74.5,27,4,8,8,1,,FALSE,0,[],2026-07-21 08:00:00
1582,28,Reel,2026-07-16 04:00:00,1317,1191,59.7,44,10,33,19,3,457.57,FALSE,0,"[""uses_trending_audio"",""discount_code_traced""]",2026-07-16 16:00:00
1583,28,Reel,2026-06-30 19:00:00,2124,1701,60.0,84,15,45,44,5,,FALSE,0,"[""uses_trending_audio""]",2026-07-04 03:00:00
1584,28,Carousel,2026-07-07 08:00:00,2137,1467,86.6,54,13,42,54,4,,FALSE,0,[],2026-07-08 08:00:00
1585,28,Story,2026-07-04 10:00:00,680,566,61.4,36,5,3,22,3,,FALSE,0,[],2026-07-05 16:00:00
1586,28,Reel,2026-06-22 00:00:00,70046,45124,17.3,2799,153,778,874,202,565.25,FALSE,1,"[""viral_spike"",""uses_trending_audio"",""discount_code_traced""]",2026-06-23 11:00:00
1587,28,Story,2026-09-01 03:00:00,853,683,88.3,59,5,7,14,1,,FALSE,0,[],2026-09-01 11:00:00
1588,28,Reel,2026-08-12 16:00:00,1258,1102,65.2,61,9,20,13,2,642.28,FALSE,0,"[""uses_trending_audio"",""discount_code_traced""]",2026-08-14 03:00:00
1589,28,Story,2026-07-28 06:00:00,1973,1507,61.1,134,9,8,42,2,,FALSE,0,[],2026-07-28 16:00:00
1590,28,Reel,2026-07-05 11:00:00,1303,1029,65.9,84,4,5,21,5,,FALSE,0,"[""uses_trending_audio""]",2026-07-05 23:00:00
1591,28,Carousel,2026-08-29 19:00:00,2219,1476,58.8,75,11,17,26,1,,FALSE,0,[],2026-09-01 07:00:00
1592,28,Reel,2026-07-26 19:00:00,3038,2225,78.8,180,15,18,22,3,,FALSE,0,"[""uses_trending_audio""]",2026-07-27 21:00:00
1593,28,Story,2026-07-27 06:00:00,60705,38246,27.7,1719,309,867,592,146,,FALSE,1,"[""viral_spike""]",2026-07-29 10:00:00
1594,28,Photo,2026-07-21 08:00:00,2406,1921,89.3,166,11,24,24,1,,FALSE,0,[],2026-07-21 10:00:00
1595,28,Reel,2026-07-02 23:00:00,3232,2149,55.4,186,18,60,30,4,,FALSE,0,"[""uses_trending_audio""]",2026-07-03 05:00:00
1596,28,Reel,2026-09-12 05:00:00,427,326,76.4,16,3,7,12,2,,FALSE,0,"[""uses_trending_audio""]",2026-09-12 14:00:00
1597,28,Story,2026-07-18 19:00:00,1632,1346,58.0,108,9,38,30,3,,FALSE,0,[],2026-07-19 00:00:00
